no,code,name,type
0,000001,平安银行,1
1,000002,万  科Ａ,1
2,000004,国农科技,1
3,000005,世纪星源,1
4,000006,深振业Ａ,1
5,000007,全新好,1
6,000008,神州高铁,1
7,000009,中国宝安,1
8,000010,美丽生态,1
9,000011,深物业A,1
10,000012,南  玻Ａ,1
11,000014,沙河股份,1
12,000016,深康佳Ａ,1
13,000017,深中华A,1
14,000018,神州长城,1
15,000019,深深宝Ａ,1
16,000020,深华发Ａ,1
17,000021,深科技,1
18,000022,深赤湾Ａ,1
19,000023,深天地Ａ,1
20,000025,特  力Ａ,1
21,000026,飞亚达Ａ,1
22,000027,深圳能源,1
23,000028,国药一致,1
24,000029,深深房Ａ,1
25,000030,富奥股份,1
26,000031,中粮地产,1
27,000032,深桑达Ａ,1
28,000034,神州数码,1
29,000035,中国天楹,1
30,000036,华联控股,1
31,000037,深南电A,1
32,000038,深大通,1
33,000039,中集集团,1
34,000040,东旭蓝天,1
35,000042,中洲控股,1
36,000043,中航善达,1
37,000045,深纺织Ａ,1
38,000046,泛海控股,1
39,000048,康达尔,1
40,000049,德赛电池,1
41,000050,深天马Ａ,1
42,000055,方大集团,1
43,000056,皇庭国际,1
44,000058,深 赛 格,1
45,000059,华锦股份,1
46,000060,中金岭南,1
47,000061,农 产 品,1
48,000062,深圳华强,1
49,000063,中兴通讯,1
50,000065,北方国际,1
51,000066,中国长城,1
52,000068,华控赛格,1
53,000069,华侨城Ａ,1
54,000070,特发信息,1
55,000078,海王生物,1
56,000088,盐 田 港,1
57,000089,深圳机场,1
58,000090,天健集团,1
59,000096,广聚能源,1
60,000099,中信海直,1
61,000100,TCL 集团,1
62,000150,宜华健康,1
63,000151,中成股份,1
64,000153,丰原药业,1
65,000155,川化股份,1
66,000156,华数传媒,1
67,000157,中联重科,1
68,000158,常山北明,1
69,000159,国际实业,1
70,000166,申万宏源,1
71,000301,东方市场,1
72,000333,美的集团,1
73,000338,潍柴动力,1
74,000400,许继电气,1
75,000401,冀东水泥,1
76,000402,金 融 街,1
77,000403,ST生化,1
78,000404,华意压缩,1
79,000407,胜利股份,1
80,000408,藏格控股,1
81,000409,山东地矿,1
82,000410,沈阳机床,1
83,000411,英特集团,1
84,000413,东旭光电,1
85,000415,渤海金控,1
86,000416,民生控股,1
87,000417,合肥百货,1
88,000418,小天鹅Ａ,1
89,000419,通程控股,1
90,000420,吉林化纤,1
91,000421,南京公用,1
92,000422,*ST宜化,1
93,000423,东阿阿胶,1
94,000425,徐工机械,1
95,000426,兴业矿业,1
96,000428,华天酒店,1
97,000429,粤高速Ａ,1
98,000430,张家界,1
99,000488,晨鸣纸业,1
100,000498,山东路桥,1
101,000501,鄂武商Ａ,1
102,000502,绿景控股,1
103,000503,国新健康,1
104,000504,南华生物,1
105,000505,京粮控股,1
106,000506,中润资源,1
107,000507,珠海港,1
108,000509,华塑控股,1
109,000510,金路集团,1
110,000511,烯碳退,1
111,000513,丽珠集团,1
112,000514,渝 开 发,1
113,000516,国际医学,1
114,000517,荣安地产,1
115,000518,四环生物,1
116,000519,中兵红箭,1
117,000520,长航凤凰,1
118,000521,美菱电器,1
119,000523,广州浪奇,1
120,000524,岭南控股,1
121,000525,红 太 阳,1
122,000526,紫光学大,1
123,000528,柳    工,1
124,000529,广弘控股,1
125,000530,大冷股份,1
126,000531,穗恒运Ａ,1
127,000532,华金资本,1
128,000533,万 家 乐,1
129,000534,万泽股份,1
130,000536,华映科技,1
131,000537,广宇发展,1
132,000538,云南白药,1
133,000539,粤电力Ａ,1
134,000540,中天金融,1
135,000541,佛山照明,1
136,000543,皖能电力,1
137,000544,中原环保,1
138,000545,金浦钛业,1
139,000546,金圆股份,1
140,000547,航天发展,1
141,000548,湖南投资,1
142,000550,江铃汽车,1
143,000551,创元科技,1
144,000552,靖远煤电,1
145,000553,沙隆达Ａ,1
146,000554,泰山石油,1
147,000555,神州信息,1
148,000557,西部创业,1
149,000558,莱茵体育,1
150,000559,万向钱潮,1
151,000560,我爱我家,1
152,000561,烽火电子,1
153,000563,陕国投Ａ,1
154,000564,供销大集,1
155,000565,渝三峡Ａ,1
156,000566,海南海药,1
157,000567,海德股份,1
158,000568,泸州老窖,1
159,000570,苏常柴Ａ,1
160,000571,新大洲Ａ,1
161,000572,海马汽车,1
162,000573,粤宏远Ａ,1
163,000576,广东甘化,1
164,000581,威孚高科,1
165,000582,北部湾港,1
166,000584,哈工智能,1
167,000585,*ST东电,1
168,000586,汇源通信,1
169,000587,金洲慈航,1
170,000589,黔轮胎Ａ,1
171,000590,启迪古汉,1
172,000591,太阳能,1
173,000592,平潭发展,1
174,000593,大通燃气,1
175,000595,宝塔实业,1
176,000596,古井贡酒,1
177,000597,东北制药,1
178,000598,兴蓉环境,1
179,000599,青岛双星,1
180,000600,建投能源,1
181,000601,韶能股份,1
182,000603,盛达矿业,1
183,000605,渤海股份,1
184,000606,神州易桥,1
185,000607,华媒控股,1
186,000608,阳光股份,1
187,000609,中迪投资,1
188,000610,西安旅游,1
189,000611,天首发展,1
190,000612,焦作万方,1
191,000613,大东海A,1
192,000615,京汉股份,1
193,000616,海航投资,1
194,000617,中油资本,1
195,000619,海螺型材,1
196,000620,新华联,1
197,000622,恒立实业,1
198,000623,吉林敖东,1
199,000625,长安汽车,1
200,000626,远大控股,1
201,000627,天茂集团,1
202,000628,高新发展,1
203,000629,*ST钒钛,1
204,000630,铜陵有色,1
205,000631,顺发恒业,1
206,000632,三木集团,1
207,000633,合金投资,1
208,000635,英 力 特,1
209,000636,风华高科,1
210,000637,茂化实华,1
211,000638,万方发展,1
212,000639,西王食品,1
213,000650,仁和药业,1
214,000651,格力电器,1
215,000652,泰达股份,1
216,000655,*ST金岭,1
217,000656,金科股份,1
218,000657,中钨高新,1
219,000659,珠海中富,1
220,000661,长春高新,1
221,000662,天夏智慧,1
222,000663,永安林业,1
223,000665,湖北广电,1
224,000666,经纬纺机,1
225,000667,美好置业,1
226,000668,荣丰控股,1
227,000669,金鸿控股,1
228,000670,盈方微,1
229,000671,阳 光 城,1
230,000672,上峰水泥,1
231,000673,当代东方,1
232,000676,智度股份,1
233,000677,恒天海龙,1
234,000678,襄阳轴承,1
235,000679,大连友谊,1
236,000680,山推股份,1
237,000681,视觉中国,1
238,000682,东方电子,1
239,000683,远兴能源,1
240,000685,中山公用,1
241,000686,东北证券,1
242,000687,华讯方舟,1
243,000688,建新矿业,1
244,000690,宝新能源,1
245,000691,亚太实业,1
246,000692,惠天热电,1
247,000693,*ST华泽,1
248,000695,滨海能源,1
249,000697,炼石有色,1
250,000698,沈阳化工,1
251,000700,模塑科技,1
252,000701,厦门信达,1
253,000702,正虹科技,1
254,000703,恒逸石化,1
255,000705,浙江震元,1
256,000707,*ST双环,1
257,000708,大冶特钢,1
258,000709,河钢股份,1
259,000710,贝瑞基因,1
260,000711,京蓝科技,1
261,000712,锦龙股份,1
262,000713,丰乐种业,1
263,000715,中兴商业,1
264,000716,黑芝麻,1
265,000717,韶钢松山,1
266,000718,苏宁环球,1
267,000719,中原传媒,1
268,000720,*ST新能,1
269,000721,西安饮食,1
270,000722,湖南发展,1
271,000723,美锦能源,1
272,000725,京东方Ａ,1
273,000726,鲁  泰Ａ,1
274,000727,华东科技,1
275,000728,国元证券,1
276,000729,燕京啤酒,1
277,000731,四川美丰,1
278,000732,泰禾集团,1
279,000733,振华科技,1
280,000735,罗 牛 山,1
281,000736,中交地产,1
282,000737,*ST南风,1
283,000738,航发控制,1
284,000739,普洛药业,1
285,000750,国海证券,1
286,000751,锌业股份,1
287,000752,西藏发展,1
288,000753,漳州发展,1
289,000755,*ST三维,1
290,000756,新华制药,1
291,000757,浩物股份,1
292,000758,中色股份,1
293,000759,中百集团,1
294,000760,斯太尔,1
295,000761,本钢板材,1
296,000762,西藏矿业,1
297,000766,通化金马,1
298,000767,漳泽电力,1
299,000768,中航飞机,1
300,000776,广发证券,1
301,000777,中核科技,1
302,000778,新兴铸管,1
303,000779,三毛派神,1
304,000780,平庄能源,1
305,000782,美达股份,1
306,000783,长江证券,1
307,000785,武汉中商,1
308,000786,北新建材,1
309,000788,北大医药,1
310,000789,万年青,1
311,000790,泰合健康,1
312,000791,甘肃电投,1
313,000792,盐湖股份,1
314,000793,华闻传媒,1
315,000795,英洛华,1
316,000796,凯撒旅游,1
317,000797,中国武夷,1
318,000798,中水渔业,1
319,000799,酒鬼酒,1
320,000800,一汽轿车,1
321,000801,四川九洲,1
322,000802,北京文化,1
323,000803,*ST金宇,1
324,000806,银河生物,1
325,000807,云铝股份,1
326,000809,铁岭新城,1
327,000810,创维数字,1
328,000811,冰轮环境,1
329,000812,陕西金叶,1
330,000813,德展健康,1
331,000815,美利云,1
332,000816,*ST慧业,1
333,000818,航锦科技,1
334,000819,岳阳兴长,1
335,000820,神雾节能,1
336,000821,京山轻机,1
337,000822,山东海化,1
338,000823,超声电子,1
339,000825,太钢不锈,1
340,000826,启迪桑德,1
341,000828,东莞控股,1
342,000829,天音控股,1
343,000830,鲁西化工,1
344,000831,五矿稀土,1
345,000833,贵糖股份,1
346,000835,长城动漫,1
347,000836,鑫茂科技,1
348,000837,秦川机床,1
349,000838,财信发展,1
350,000839,中信国安,1
351,000848,承德露露,1
352,000850,华茂股份,1
353,000851,高鸿股份,1
354,000852,石化机械,1
355,000856,冀东装备,1
356,000858,五 粮 液,1
357,000859,国风塑业,1
358,000860,顺鑫农业,1
359,000861,海印股份,1
360,000862,银星能源,1
361,000863,三湘印象,1
362,000868,安凯客车,1
363,000869,张  裕Ａ,1
364,000875,吉电股份,1
365,000876,新 希 望,1
366,000877,天山股份,1
367,000878,云南铜业,1
368,000880,潍柴重机,1
369,000881,中广核技,1
370,000882,华联股份,1
371,000883,湖北能源,1
372,000885,同力水泥,1
373,000886,海南高速,1
374,000887,中鼎股份,1
375,000888,峨眉山Ａ,1
376,000889,茂业通信,1
377,000890,法 尔 胜,1
378,000892,欢瑞世纪,1
379,000893,*ST东凌,1
380,000895,双汇发展,1
381,000897,津滨发展,1
382,000898,鞍钢股份,1
383,000899,赣能股份,1
384,000900,现代投资,1
385,000901,航天科技,1
386,000902,新洋丰,1
387,000903,云内动力,1
388,000905,厦门港务,1
389,000906,浙商中拓,1
390,000908,景峰医药,1
391,000909,数源科技,1
392,000910,大亚圣象,1
393,000911,南宁糖业,1
394,000912,*ST天化,1
395,000913,钱江摩托,1
396,000915,山大华特,1
397,000917,电广传媒,1
398,000918,嘉凯城,1
399,000919,金陵药业,1
400,000920,南方汇通,1
401,000921,海信科龙,1
402,000922,*ST佳电,1
403,000923,河北宣工,1
404,000925,众合科技,1
405,000926,福星股份,1
406,000927,一汽夏利,1
407,000928,中钢国际,1
408,000929,兰州黄河,1
409,000930,中粮生化,1
410,000931,中 关 村,1
411,000932,华菱钢铁,1
412,000933,神火股份,1
413,000935,四川双马,1
414,000936,华西股份,1
415,000937,冀中能源,1
416,000938,紫光股份,1
417,000939,凯迪生态,1
418,000948,南天信息,1
419,000949,新乡化纤,1
420,000950,*ST建峰,1
421,000951,中国重汽,1
422,000952,广济药业,1
423,000953,ST河化,1
424,000955,欣龙控股,1
425,000957,中通客车,1
426,000958,东方能源,1
427,000959,首钢股份,1
428,000960,锡业股份,1
429,000961,中南建设,1
430,000962,东方钽业,1
431,000963,华东医药,1
432,000965,天保基建,1
433,000966,长源电力,1
434,000967,盈峰环境,1
435,000968,蓝焰控股,1
436,000969,安泰科技,1
437,000970,中科三环,1
438,000971,高升控股,1
439,000972,*ST中基,1
440,000973,佛塑科技,1
441,000975,银泰资源,1
442,000976,华铁股份,1
443,000977,浪潮信息,1
444,000978,桂林旅游,1
445,000979,中弘股份,1
446,000980,众泰汽车,1
447,000981,银亿股份,1
448,000982,*ST 中绒,1
449,000983,西山煤电,1
450,000985,大庆华科,1
451,000987,越秀金控,1
452,000988,华工科技,1
453,000989,九 芝 堂,1
454,000990,诚志股份,1
455,000993,闽东电力,1
456,000995,*ST皇台,1
457,000996,中国中期,1
458,000997,新 大 陆,1
459,000998,隆平高科,1
460,000999,华润三九,1
461,001696,宗申动力,1
462,001896,豫能控股,1
463,001965,招商公路,1
464,001979,招商蛇口,1
465,200011,深物业B,1
466,200012,南  玻Ｂ,1
467,200016,深康佳Ｂ,1
468,200017,深中华B,1
469,200018,神州B,1
470,200019,深深宝Ｂ,1
471,200020,深华发Ｂ,1
472,200022,深赤湾Ｂ,1
473,200025,特  力Ｂ,1
474,200026,飞亚达Ｂ,1
475,200028,一致Ｂ,1
476,200029,深深房Ｂ,1
477,200030,富奥B,1
478,200037,深南电B,1
479,200045,深纺织Ｂ,1
480,200054,建车B,1
481,200055,方大Ｂ,1
482,200056,皇庭B,1
483,200058,深赛格B,1
484,200152,山  航Ｂ,1
485,200160,东沣B,1
486,200168,舜喆B,1
487,200413,东旭B,1
488,200418,小天鹅Ｂ,1
489,200429,粤高速Ｂ,1
490,200468,*ST宁通B,1
491,200488,晨  鸣Ｂ,1
492,200505,京粮B,1
493,200512,闽灿坤Ｂ,1
494,200521,皖美菱Ｂ,1
495,200530,大  冷Ｂ,1
496,200539,粤电力Ｂ,1
497,200541,粤照明Ｂ,1
498,200550,江  铃Ｂ,1
499,200553,沙隆达Ｂ,1
500,200570,苏常柴Ｂ,1
501,200581,苏威孚Ｂ,1
502,200596,古井贡Ｂ,1
503,200613,大东海B,1
504,200625,长  安Ｂ,1
505,200706,瓦轴B,1
506,200725,京东方Ｂ,1
507,200726,鲁  泰Ｂ,1
508,200761,本钢板Ｂ,1
509,200771,杭汽轮Ｂ,1
510,200869,张  裕Ｂ,1
511,200986,粤华包Ｂ,1
512,200992,中  鲁Ｂ,1
513,600000,浦发银行,4
514,600004,白云机场,4
515,600006,东风汽车,4
516,600007,中国国贸,4
517,600008,首创股份,4
518,600009,上海机场,4
519,600010,包钢股份,4
520,600011,华能国际,4
521,600012,皖通高速,4
522,600015,华夏银行,4
523,600016,民生银行,4
524,600017,日照港,4
525,600018,上港集团,4
526,600019,宝钢股份,4
527,600020,中原高速,4
528,600021,上海电力,4
529,600022,山东钢铁,4
530,600023,浙能电力,4
531,600025,华能水电,4
532,600026,中远海能,4
533,600027,华电国际,4
534,600028,中国石化,4
535,600029,南方航空,4
536,600030,中信证券,4
537,600031,三一重工,4
538,600033,福建高速,4
539,600035,楚天高速,4
540,600036,招商银行,4
541,600037,歌华有线,4
542,600038,中直股份,4
543,600039,四川路桥,4
544,600048,保利地产,4
545,600050,中国联通,4
546,600051,宁波联合,4
547,600052,浙江广厦,4
548,600053,九鼎投资,4
549,600054,黄山旅游,4
550,600055,万东医疗,4
551,600056,中国医药,4
552,600057,厦门象屿,4
553,600058,五矿发展,4
554,600059,古越龙山,4
555,600060,海信电器,4
556,600061,国投资本,4
557,600062,华润双鹤,4
558,600063,皖维高新,4
559,600064,南京高科,4
560,600066,宇通客车,4
561,600067,冠城大通,4
562,600068,葛洲坝,4
563,600069,银鸽投资,4
564,600070,浙江富润,4
565,600071,凤凰光学,4
566,600072,中船科技,4
567,600073,上海梅林,4
568,600074,*ST保千,4
569,600075,新疆天业,4
570,600076,康欣新材,4
571,600077,宋都股份,4
572,600078,澄星股份,4
573,600079,人福医药,4
574,600080,金花股份,4
575,600081,东风科技,4
576,600082,海泰发展,4
577,600083,博信股份,4
578,600084,中葡股份,4
579,600085,同仁堂,4
580,600086,东方金钰,4
581,600088,中视传媒,4
582,600089,特变电工,4
583,600090,同济堂,4
584,600091,ST明科,4
585,600093,易见股份,4
586,600094,大名城,4
587,600095,哈高科,4
588,600096,云天化,4
589,600097,开创国际,4
590,600098,广州发展,4
591,600099,林海股份,4
592,600100,同方股份,4
593,600101,明星电力,4
594,600103,青山纸业,4
595,600104,上汽集团,4
596,600105,永鼎股份,4
597,600106,重庆路桥,4
598,600107,美尔雅,4
599,600108,亚盛集团,4
600,600109,国金证券,4
601,600110,诺德股份,4
602,600111,北方稀土,4
603,600112,天成控股,4
604,600113,浙江东日,4
605,600114,东睦股份,4
606,600115,东方航空,4
607,600116,三峡水利,4
608,600117,西宁特钢,4
609,600118,中国卫星,4
610,600119,长江投资,4
611,600120,浙江东方,4
612,600121,郑州煤电,4
613,600122,宏图高科,4
614,600123,兰花科创,4
615,600125,铁龙物流,4
616,600126,杭钢股份,4
617,600127,金健米业,4
618,600128,弘业股份,4
619,600129,太极集团,4
620,600130,波导股份,4
621,600131,岷江水电,4
622,600132,重庆啤酒,4
623,600133,东湖高新,4
624,600135,乐凯胶片,4
625,600136,当代明诚,4
626,600137,浪莎股份,4
627,600138,中青旅,4
628,600139,西部资源,4
629,600141,兴发集团,4
630,600143,金发科技,4
631,600145,*ST新亿,4
632,600146,商赢环球,4
633,600148,长春一东,4
634,600149,ST坊展,4
635,600150,*ST船舶,4
636,600151,航天机电,4
637,600152,维科精华,4
638,600153,建发股份,4
639,600155,宝硕股份,4
640,600156,华升股份,4
641,600157,永泰能源,4
642,600158,中体产业,4
643,600159,大龙地产,4
644,600160,巨化股份,4
645,600161,天坛生物,4
646,600162,香江控股,4
647,600163,中闽能源,4
648,600165,新日恒力,4
649,600166,福田汽车,4
650,600167,联美控股,4
651,600168,武汉控股,4
652,600169,太原重工,4
653,600170,上海建工,4
654,600171,上海贝岭,4
655,600172,黄河旋风,4
656,600173,卧龙地产,4
657,600175,美都能源,4
658,600176,中国巨石,4
659,600177,雅戈尔,4
660,600178,东安动力,4
661,600179,安通控股,4
662,600180,瑞茂通,4
663,600182,S佳通,4
664,600183,生益科技,4
665,600184,光电股份,4
666,600185,格力地产,4
667,600186,莲花健康,4
668,600187,国中水务,4
669,600188,兖州煤业,4
670,600189,吉林森工,4
671,600190,锦州港,4
672,600191,华资实业,4
673,600192,长城电工,4
674,600193,*ST创兴,4
675,600195,中牧股份,4
676,600196,复星医药,4
677,600197,伊力特,4
678,600198,*ST大唐,4
679,600199,金种子酒,4
680,600200,江苏吴中,4
681,600201,生物股份,4
682,600202,*ST哈空,4
683,600203,福日电子,4
684,600206,有研新材,4
685,600207,安彩高科,4
686,600208,新湖中宝,4
687,600209,*ST罗顿,4
688,600210,紫江企业,4
689,600211,西藏药业,4
690,600212,江泉实业,4
691,600213,亚星客车,4
692,600215,长春经开,4
693,600216,浙江医药,4
694,600217,中再资环,4
695,600218,全柴动力,4
696,600219,南山铝业,4
697,600220,江苏阳光,4
698,600221,海航控股,4
699,600222,太龙药业,4
700,600223,鲁商置业,4
701,600225,天津松江,4
702,600226,瀚叶股份,4
703,600227,赤天化,4
704,600228,ST昌九,4
705,600229,城市传媒,4
706,600230,沧州大化,4
707,600231,凌钢股份,4
708,600232,金鹰股份,4
709,600233,圆通速递,4
710,600234,ST山水,4
711,600235,民丰特纸,4
712,600236,桂冠电力,4
713,600237,铜峰电子,4
714,600238,*ST椰岛,4
715,600239,云南城投,4
716,600240,华业资本,4
717,600241,时代万恒,4
718,600242,中昌数据,4
719,600243,青海华鼎,4
720,600246,万通地产,4
721,600247,*ST成城,4
722,600248,延长化建,4
723,600249,两面针,4
724,600250,南纺股份,4
725,600251,冠农股份,4
726,600252,中恒集团,4
727,600255,梦舟股份,4
728,600256,广汇能源,4
729,600257,大湖股份,4
730,600258,首旅酒店,4
731,600259,广晟有色,4
732,600260,凯乐科技,4
733,600261,阳光照明,4
734,600262,北方股份,4
735,600265,ST景谷,4
736,600266,北京城建,4
737,600267,海正药业,4
738,600268,国电南自,4
739,600269,赣粤高速,4
740,600270,外运发展,4
741,600271,航天信息,4
742,600272,开开实业,4
743,600273,嘉化能源,4
744,600275,ST昌鱼,4
745,600276,恒瑞医药,4
746,600277,亿利洁能,4
747,600278,东方创业,4
748,600279,重庆港九,4
749,600280,中央商场,4
750,600281,太化股份,4
751,600282,南钢股份,4
752,600283,钱江水利,4
753,600284,浦东建设,4
754,600285,羚锐制药,4
755,600287,江苏舜天,4
756,600288,大恒科技,4
757,600289,*ST信通,4
758,600290,华仪电气,4
759,600291,西水股份,4
760,600292,远达环保,4
761,600293,三峡新材,4
762,600295,鄂尔多斯,4
763,600297,广汇汽车,4
764,600298,安琪酵母,4
765,600299,安迪苏,4
766,600300,维维股份,4
767,600301,ST南化,4
768,600302,标准股份,4
769,600303,曙光股份,4
770,600305,恒顺醋业,4
771,600306,商业城,4
772,600307,酒钢宏兴,4
773,600308,华泰股份,4
774,600309,万华化学,4
775,600310,桂东电力,4
776,600311,荣华实业,4
777,600312,平高电气,4
778,600313,农发种业,4
779,600315,上海家化,4
780,600316,洪都航空,4
781,600317,营口港,4
782,600318,新力金融,4
783,600319,亚星化学,4
784,600320,振华重工,4
785,600321,*ST正源,4
786,600322,天房发展,4
787,600323,瀚蓝环境,4
788,600325,华发股份,4
789,600326,西藏天路,4
790,600327,大东方,4
791,600328,兰太实业,4
792,600329,中新药业,4
793,600330,天通股份,4
794,600331,宏达股份,4
795,600332,白云山,4
796,600333,长春燃气,4
797,600335,国机汽车,4
798,600336,澳柯玛,4
799,600337,美克家居,4
800,600338,西藏珠峰,4
801,600339,中油工程,4
802,600340,华夏幸福,4
803,600343,航天动力,4
804,600345,长江通信,4
805,600346,恒力股份,4
806,600348,阳泉煤业,4
807,600350,山东高速,4
808,600351,亚宝药业,4
809,600352,浙江龙盛,4
810,600353,旭光股份,4
811,600354,敦煌种业,4
812,600355,精伦电子,4
813,600356,恒丰纸业,4
814,600358,国旅联合,4
815,600359,新农开发,4
816,600360,华微电子,4
817,600361,华联综超,4
818,600362,江西铜业,4
819,600363,联创光电,4
820,600365,通葡股份,4
821,600366,宁波韵升,4
822,600367,红星发展,4
823,600368,五洲交通,4
824,600369,西南证券,4
825,600370,三房巷,4
826,600371,万向德农,4
827,600372,中航电子,4
828,600373,中文传媒,4
829,600375,华菱星马,4
830,600376,首开股份,4
831,600377,宁沪高速,4
832,600378,天科股份,4
833,600379,宝光股份,4
834,600380,健康元,4
835,600381,青海春天,4
836,600382,广东明珠,4
837,600383,金地集团,4
838,600385,山东金泰,4
839,600386,北巴传媒,4
840,600387,海越股份,4
841,600388,龙净环保,4
842,600389,江山股份,4
843,600390,五矿资本,4
844,600391,航发科技,4
845,600392,盛和资源,4
846,600393,粤泰股份,4
847,600395,盘江股份,4
848,600396,金山股份,4
849,600397,*ST安煤,4
850,600398,海澜之家,4
851,600399,抚顺特钢,4
852,600400,红豆股份,4
853,600401,*ST海润,4
854,600403,大有能源,4
855,600405,动力源,4
856,600406,国电南瑞,4
857,600408,*ST安泰,4
858,600409,三友化工,4
859,600410,华胜天成,4
860,600415,小商品城,4
861,600416,湘电股份,4
862,600418,江淮汽车,4
863,600419,天润乳业,4
864,600420,现代制药,4
865,600421,ST仰帆,4
866,600422,昆药集团,4
867,600423,*ST柳化,4
868,600425,青松建化,4
869,600426,华鲁恒升,4
870,600428,中远海特,4
871,600429,三元股份,4
872,600432,退市吉恩,4
873,600433,冠豪高新,4
874,600435,北方导航,4
875,600436,片仔癀,4
876,600438,通威股份,4
877,600439,瑞贝卡,4
878,600444,国机通用,4
879,600446,金证股份,4
880,600448,华纺股份,4
881,600449,宁夏建材,4
882,600452,涪陵电力,4
883,600455,博通股份,4
884,600456,宝钛股份,4
885,600458,时代新材,4
886,600459,贵研铂业,4
887,600460,士兰微,4
888,600461,洪城水业,4
889,600462,九有股份,4
890,600463,空港股份,4
891,600466,蓝光发展,4
892,600467,好当家,4
893,600468,百利电气,4
894,600469,风神股份,4
895,600470,六国化工,4
896,600475,华光股份,4
897,600476,湘邮科技,4
898,600477,杭萧钢构,4
899,600478,科力远,4
900,600479,千金药业,4
901,600480,凌云股份,4
902,600481,双良节能,4
903,600482,中国动力,4
904,600483,福能股份,4
905,600485,信威集团,4
906,600486,扬农化工,4
907,600487,亨通光电,4
908,600488,天药股份,4
909,600489,中金黄金,4
910,600490,鹏欣资源,4
911,600491,龙元建设,4
912,600493,凤竹纺织,4
913,600495,晋西车轴,4
914,600496,精工钢构,4
915,600497,驰宏锌锗,4
916,600498,烽火通信,4
917,600499,科达洁能,4
918,600500,中化国际,4
919,600501,航天晨光,4
920,600502,安徽水利,4
921,600503,华丽家族,4
922,600505,西昌电力,4
923,600506,香梨股份,4
924,600507,方大特钢,4
925,600508,上海能源,4
926,600509,天富能源,4
927,600510,黑牡丹,4
928,600511,国药股份,4
929,600512,腾达建设,4
930,600513,联环药业,4
931,600515,海航基础,4
932,600516,方大炭素,4
933,600517,置信电气,4
934,600518,康美药业,4
935,600519,贵州茅台,4
936,600520,文一科技,4
937,600521,华海药业,4
938,600522,中天科技,4
939,600523,贵航股份,4
940,600525,长园集团,4
941,600526,菲达环保,4
942,600527,江南高纤,4
943,600528,中铁工业,4
944,600529,山东药玻,4
945,600530,交大昂立,4
946,600531,豫光金铅,4
947,600532,宏达矿业,4
948,600533,栖霞建设,4
949,600535,天士力,4
950,600536,中国软件,4
951,600537,亿晶光电,4
952,600538,国发股份,4
953,600539,*ST狮头,4
954,600540,新赛股份,4
955,600543,莫高股份,4
956,600545,卓郎智能,4
957,600546,山煤国际,4
958,600547,山东黄金,4
959,600548,深高速,4
960,600549,厦门钨业,4
961,600550,保变电气,4
962,600551,时代出版,4
963,600552,凯盛科技,4
964,600555,海航创新,4
965,600556,ST慧球,4
966,600557,康缘药业,4
967,600558,大西洋,4
968,600559,老白干酒,4
969,600560,金自天正,4
970,600561,江西长运,4
971,600562,国睿科技,4
972,600563,法拉电子,4
973,600565,迪马股份,4
974,600566,济川药业,4
975,600567,山鹰纸业,4
976,600568,中珠医疗,4
977,600569,安阳钢铁,4
978,600570,恒生电子,4
979,600571,信雅达,4
980,600572,康恩贝,4
981,600573,惠泉啤酒,4
982,600575,皖江物流,4
983,600576,祥源文化,4
984,600577,精达股份,4
985,600578,京能电力,4
986,600579,天华院,4
987,600580,卧龙电气,4
988,600581,八一钢铁,4
989,600582,天地科技,4
990,600583,海油工程,4
991,600584,长电科技,4
992,600585,海螺水泥,4
993,600586,金晶科技,4
994,600587,新华医疗,4
995,600588,用友网络,4
996,600589,广东榕泰,4
997,600590,泰豪科技,4
998,600592,龙溪股份,4
999,600593,大连圣亚,4
1000,600594,益佰制药,4
1001,600595,中孚实业,4
1002,600596,新安股份,4
1003,600597,光明乳业,4
1004,600598,北大荒,4
1005,600599,熊猫金控,4
1006,600600,青岛啤酒,4
1007,600601,方正科技,4
1008,600602,云赛智联,4
1009,600603,广汇物流,4
1010,600604,市北高新,4
1011,600605,汇通能源,4
1012,600606,绿地控股,4
1013,600608,ST沪科,4
1014,600609,金杯汽车,4
1015,600610,中毅达,4
1016,600611,大众交通,4
1017,600612,老凤祥,4
1018,600613,神奇制药,4
1019,600614,鹏起科技,4
1020,600615,丰华股份,4
1021,600616,金枫酒业,4
1022,600617,国新能源,4
1023,600618,氯碱化工,4
1024,600619,海立股份,4
1025,600620,天宸股份,4
1026,600621,华鑫股份,4
1027,600622,光大嘉宝,4
1028,600623,华谊集团,4
1029,600624,复旦复华,4
1030,600626,申达股份,4
1031,600628,新世界,4
1032,600629,华建集团,4
1033,600630,龙头股份,4
1034,600633,浙数文化,4
1035,600634,*ST富控,4
1036,600635,大众公用,4
1037,600636,三爱富,4
1038,600637,东方明珠,4
1039,600638,新黄浦,4
1040,600639,浦东金桥,4
1041,600640,号百控股,4
1042,600641,万业企业,4
1043,600642,申能股份,4
1044,600643,爱建集团,4
1045,600644,乐山电力,4
1046,600645,中源协和,4
1047,600647,同达创业,4
1048,600648,外高桥,4
1049,600649,城投控股,4
1050,600650,锦江投资,4
1051,600651,飞乐音响,4
1052,600652,游久游戏,4
1053,600653,申华控股,4
1054,600654,ST中安,4
1055,600655,豫园股份,4
1056,600657,信达地产,4
1057,600658,电子城,4
1058,600660,福耀玻璃,4
1059,600661,新南洋,4
1060,600662,强生控股,4
1061,600663,陆家嘴,4
1062,600664,哈药股份,4
1063,600665,天地源,4
1064,600666,奥瑞德,4
1065,600667,太极实业,4
1066,600668,尖峰集团,4
1067,600671,天目药业,4
1068,600673,东阳光科,4
1069,600674,川投能源,4
1070,600675,中华企业,4
1071,600676,交运股份,4
1072,600677,航天通信,4
1073,600678,四川金顶,4
1074,600679,上海凤凰,4
1075,600680,*ST上普,4
1076,600681,百川能源,4
1077,600682,南京新百,4
1078,600683,京投发展,4
1079,600684,珠江实业,4
1080,600685,中船防务,4
1081,600686,金龙汽车,4
1082,600687,刚泰控股,4
1083,600688,上海石化,4
1084,600689,上海三毛,4
1085,600690,青岛海尔,4
1086,600691,阳煤化工,4
1087,600692,亚通股份,4
1088,600693,东百集团,4
1089,600694,大商股份,4
1090,600695,绿庭投资,4
1091,600696,ST匹凸,4
1092,600697,欧亚集团,4
1093,600698,湖南天雁,4
1094,600699,均胜电子,4
1095,600701,*ST工新,4
1096,600702,舍得酒业,4
1097,600703,三安光电,4
1098,600704,物产中大,4
1099,600705,中航资本,4
1100,600706,曲江文旅,4
1101,600707,彩虹股份,4
1102,600708,光明地产,4
1103,600710,苏美达,4
1104,600711,盛屯矿业,4
1105,600712,南宁百货,4
1106,600713,南京医药,4
1107,600714,金瑞矿业,4
1108,600715,文投控股,4
1109,600716,凤凰股份,4
1110,600717,天津港,4
1111,600718,东软集团,4
1112,600719,大连热电,4
1113,600720,祁连山,4
1114,600721,百花村,4
1115,600722,金牛化工,4
1116,600723,首商股份,4
1117,600724,宁波富达,4
1118,600725,ST云维,4
1119,600726,华电能源,4
1120,600727,鲁北化工,4
1121,600728,佳都科技,4
1122,600729,重庆百货,4
1123,600730,中国高科,4
1124,600731,湖南海利,4
1125,600732,ST新梅,4
1126,600733,SST前锋,4
1127,600734,实达集团,4
1128,600735,新华锦,4
1129,600736,苏州高新,4
1130,600737,中粮糖业,4
1131,600738,兰州民百,4
1132,600739,辽宁成大,4
1133,600740,山西焦化,4
1134,600741,华域汽车,4
1135,600742,一汽富维,4
1136,600743,华远地产,4
1137,600744,华银电力,4
1138,600745,闻泰科技,4
1139,600746,江苏索普,4
1140,600747,ST大控,4
1141,600748,上实发展,4
1142,600749,*ST藏旅,4
1143,600750,江中药业,4
1144,600751,海航科技,4
1145,600753,东方银星,4
1146,600754,锦江股份,4
1147,600755,厦门国贸,4
1148,600756,浪潮软件,4
1149,600757,长江传媒,4
1150,600758,红阳能源,4
1151,600759,洲际油气,4
1152,600760,中航沈飞,4
1153,600761,安徽合力,4
1154,600763,通策医疗,4
1155,600764,中国海防,4
1156,600765,中航重机,4
1157,600766,园城黄金,4
1158,600767,ST运盛,4
1159,600768,宁波富邦,4
1160,600769,祥龙电业,4
1161,600770,综艺股份,4
1162,600771,广誉远,4
1163,600773,西藏城投,4
1164,600774,汉商集团,4
1165,600775,南京熊猫,4
1166,600776,东方通信,4
1167,600777,新潮能源,4
1168,600778,*ST友好,4
1169,600779,水井坊,4
1170,600780,通宝能源,4
1171,600781,辅仁药业,4
1172,600782,新钢股份,4
1173,600783,鲁信创投,4
1174,600784,鲁银投资,4
1175,600785,新华百货,4
1176,600787,中储股份,4
1177,600789,鲁抗医药,4
1178,600790,轻纺城,4
1179,600791,京能置业,4
1180,600792,云煤能源,4
1181,600793,宜宾纸业,4
1182,600794,保税科技,4
1183,600795,国电电力,4
1184,600796,钱江生化,4
1185,600797,浙大网新,4
1186,600798,宁波海运,4
1187,600800,天津磁卡,4
1188,600801,华新水泥,4
1189,600802,福建水泥,4
1190,600803,新奥股份,4
1191,600804,鹏博士,4
1192,600805,悦达投资,4
1193,600806,退市昆机,4
1194,600807,*ST天业,4
1195,600808,马钢股份,4
1196,600809,山西汾酒,4
1197,600810,神马股份,4
1198,600811,东方集团,4
1199,600812,华北制药,4
1200,600814,杭州解百,4
1201,600815,厦工股份,4
1202,600816,安信信托,4
1203,600817,ST宏盛,4
1204,600818,中路股份,4
1205,600819,耀皮玻璃,4
1206,600820,隧道股份,4
1207,600821,津劝业,4
1208,600822,上海物贸,4
1209,600823,世茂股份,4
1210,600824,益民集团,4
1211,600825,新华传媒,4
1212,600826,兰生股份,4
1213,600827,百联股份,4
1214,600828,茂业商业,4
1215,600829,人民同泰,4
1216,600830,香溢融通,4
1217,600831,广电网络,4
1218,600833,第一医药,4
1219,600834,申通地铁,4
1220,600835,上海机电,4
1221,600836,界龙实业,4
1222,600837,海通证券,4
1223,600838,上海九百,4
1224,600839,四川长虹,4
1225,600841,上柴股份,4
1226,600843,上工申贝,4
1227,600844,丹化科技,4
1228,600845,宝信软件,4
1229,600846,同济科技,4
1230,600847,万里股份,4
1231,600848,上海临港,4
1232,600850,华东电脑,4
1233,600851,海欣股份,4
1234,600853,龙建股份,4
1235,600854,春兰股份,4
1236,600855,航天长峰,4
1237,600856,中天能源,4
1238,600857,宁波中百,4
1239,600858,银座股份,4
1240,600859,王府井,4
1241,600860,京城股份,4
1242,600861,北京城乡,4
1243,600862,中航高科,4
1244,600863,内蒙华电,4
1245,600864,哈投股份,4
1246,600865,百大集团,4
1247,600866,星湖科技,4
1248,600867,通化东宝,4
1249,600868,梅雁吉祥,4
1250,600869,智慧能源,4
1251,600870,*ST厦华,4
1252,600871,*ST油服,4
1253,600872,中炬高新,4
1254,600873,梅花生物,4
1255,600874,创业环保,4
1256,600875,东方电气,4
1257,600876,洛阳玻璃,4
1258,600877,ST嘉陵,4
1259,600879,航天电子,4
1260,600880,博瑞传播,4
1261,600881,亚泰集团,4
1262,600882,广泽股份,4
1263,600883,博闻科技,4
1264,600884,杉杉股份,4
1265,600885,宏发股份,4
1266,600886,国投电力,4
1267,600887,伊利股份,4
1268,600888,新疆众和,4
1269,600889,南京化纤,4
1270,600890,中房股份,4
1271,600891,秋林集团,4
1272,600892,大晟文化,4
1273,600893,航发动力,4
1274,600894,广日股份,4
1275,600895,张江高科,4
1276,600896,*ST海投,4
1277,600897,厦门空港,4
1278,600898,国美通讯,4
1279,600900,长江电力,4
1280,600901,江苏租赁,4
1281,600903,贵州燃气,4
1282,600908,无锡银行,4
1283,600909,华安证券,4
1284,600917,重庆燃气,4
1285,600919,江苏银行,4
1286,600926,杭州银行,4
1287,600929,湖南盐业,4
1288,600933,爱柯迪,4
1289,600936,广西广电,4
1290,600939,重庆建工,4
1291,600958,东方证券,4
1292,600959,江苏有线,4
1293,600960,渤海汽车,4
1294,600961,株冶集团,4
1295,600962,国投中鲁,4
1296,600963,岳阳林纸,4
1297,600965,福成股份,4
1298,600966,博汇纸业,4
1299,600967,内蒙一机,4
1300,600969,郴电国际,4
1301,600970,中材国际,4
1302,600971,恒源煤电,4
1303,600973,宝胜股份,4
1304,600975,新五丰,4
1305,600976,健民集团,4
1306,600977,中国电影,4
1307,600978,宜华生活,4
1308,600979,广安爱众,4
1309,600980,北矿科技,4
1310,600981,汇鸿集团,4
1311,600982,宁波热电,4
1312,600983,惠而浦,4
1313,600984,建设机械,4
1314,600985,雷鸣科化,4
1315,600986,科达股份,4
1316,600987,航民股份,4
1317,600988,赤峰黄金,4
1318,600990,四创电子,4
1319,600992,贵绳股份,4
1320,600993,马应龙,4
1321,600995,文山电力,4
1322,600996,贵广网络,4
1323,600997,开滦股份,4
1324,600998,九州通,4
1325,600999,招商证券,4
1326,601000,唐山港,4
1327,601001,大同煤业,4
1328,601002,晋亿实业,4
1329,601003,柳钢股份,4
1330,601005,重庆钢铁,4
1331,601006,大秦铁路,4
1332,601007,金陵饭店,4
1333,601008,连云港,4
1334,601009,南京银行,4
1335,601010,文峰股份,4
1336,601011,宝泰隆,4
1337,601012,隆基股份,4
1338,601015,陕西黑猫,4
1339,601016,节能风电,4
1340,601018,宁波港,4
1341,601019,山东出版,4
1342,601020,华钰矿业,4
1343,601021,春秋航空,4
1344,601028,玉龙股份,4
1345,601038,一拖股份,4
1346,601058,赛轮金宇,4
1347,601066,中信建投,4
1348,601069,西部黄金,4
1349,601086,国芳集团,4
1350,601088,中国神华,4
1351,601098,中南传媒,4
1352,601099,太平洋,4
1353,601100,恒立液压,4
1354,601101,昊华能源,4
1355,601106,中国一重,4
1356,601107,四川成渝,4
1357,601108,财通证券,4
1358,601111,中国国航,4
1359,601113,华鼎股份,4
1360,601116,三江购物,4
1361,601117,中国化学,4
1362,601118,海南橡胶,4
1363,601126,四方股份,4
1364,601127,小康股份,4
1365,601128,常熟银行,4
1366,601137,博威合金,4
1367,601138,工业富联,4
1368,601139,深圳燃气,4
1369,601155,新城控股,4
1370,601158,重庆水务,4
1371,601163,三角轮胎,4
1372,601166,兴业银行,4
1373,601168,西部矿业,4
1374,601169,北京银行,4
1375,601177,杭齿前进,4
1376,601179,中国西电,4
1377,601186,中国铁建,4
1378,601188,龙江交通,4
1379,601198,东兴证券,4
1380,601199,江南水务,4
1381,601200,上海环境,4
1382,601206,海尔施,4
1383,601208,东材科技,4
1384,601211,国泰君安,4
1385,601212,白银有色,4
1386,601216,君正集团,4
1387,601218,吉鑫科技,4
1388,601222,林洋能源,4
1389,601225,陕西煤业,4
1390,601226,华电重工,4
1391,601228,广州港,4
1392,601229,上海银行,4
1393,601231,环旭电子,4
1394,601233,桐昆股份,4
1395,601238,广汽集团,4
1396,601258,庞大集团,4
1397,601288,农业银行,4
1398,601311,骆驼股份,4
1399,601318,中国平安,4
1400,601326,秦港股份,4
1401,601328,交通银行,4
1402,601330,绿色动力,4
1403,601333,广深铁路,4
1404,601336,新华保险,4
1405,601339,百隆东方,4
1406,601360,三六零,4
1407,601366,利群股份,4
1408,601368,绿城水务,4
1409,601369,陕鼓动力,4
1410,601375,中原证券,4
1411,601377,兴业证券,4
1412,601388,怡球资源,4
1413,601390,中国中铁,4
1414,601398,工商银行,4
1415,601500,通用股份,4
1416,601515,东风股份,4
1417,601518,吉林高速,4
1418,601519,大智慧,4
1419,601555,东吴证券,4
1420,601558,ST锐电,4
1421,601566,九牧王,4
1422,601567,三星医疗,4
1423,601579,会稽山,4
1424,601588,北辰实业,4
1425,601595,上海电影,4
1426,601599,鹿港文化,4
1427,601600,中国铝业,4
1428,601601,中国太保,4
1429,601607,上海医药,4
1430,601608,中信重工,4
1431,601611,中国核建,4
1432,601616,广电电气,4
1433,601618,中国中冶,4
1434,601619,嘉泽新能,4
1435,601628,中国人寿,4
1436,601633,长城汽车,4
1437,601636,旗滨集团,4
1438,601666,平煤股份,4
1439,601668,中国建筑,4
1440,601669,中国电建,4
1441,601677,明泰铝业,4
1442,601678,滨化股份,4
1443,601688,华泰证券,4
1444,601689,拓普集团,4
1445,601699,潞安环能,4
1446,601700,风范股份,4
1447,601717,郑煤机,4
1448,601718,际华集团,4
1449,601727,上海电气,4
1450,601766,中国中车,4
1451,601777,力帆股份,4
1452,601788,光大证券,4
1453,601789,宁波建工,4
1454,601798,*ST蓝科,4
1455,601799,星宇股份,4
1456,601800,中国交建,4
1457,601801,皖新传媒,4
1458,601808,中海油服,4
1459,601811,新华文轩,4
1460,601818,光大银行,4
1461,601828,美凯龙,4
1462,601838,成都银行,4
1463,601857,中国石油,4
1464,601858,中国科传,4
1465,601866,中远海发,4
1466,601872,招商轮船,4
1467,601877,正泰电器,4
1468,601878,浙商证券,4
1469,601880,大连港,4
1470,601881,中国银河,4
1471,601882,海天精工,4
1472,601886,江河集团,4
1473,601888,中国国旅,4
1474,601890,亚星锚链,4
1475,601898,中煤能源,4
1476,601899,紫金矿业,4
1477,601900,南方传媒,4
1478,601901,方正证券,4
1479,601908,京运通,4
1480,601918,新集能源,4
1481,601919,中远海控,4
1482,601928,凤凰传媒,4
1483,601929,吉视传媒,4
1484,601933,永辉超市,4
1485,601939,建设银行,4
1486,601949,中国出版,4
1487,601952,苏垦农发,4
1488,601958,金钼股份,4
1489,601965,中国汽研,4
1490,601966,玲珑轮胎,4
1491,601968,宝钢包装,4
1492,601969,海南矿业,4
1493,601985,中国核电,4
1494,601988,中国银行,4
1495,601989,中国重工,4
1496,601990,南京证券,4
1497,601991,大唐发电,4
1498,601992,金隅集团,4
1499,601996,丰林集团,4
1500,601997,贵阳银行,4
1501,601998,中信银行,4
1502,601999,出版传媒,4
1503,603000,人民网,4
1504,603001,奥康国际,4
1505,603002,宏昌电子,4
1506,603003,龙宇燃油,4
1507,603005,晶方科技,4
1508,603006,联明股份,4
1509,603007,花王股份,4
1510,603008,喜临门,4
1511,603009,北特科技,4
1512,603010,万盛股份,4
1513,603011,合锻智能,4
1514,603012,创力集团,4
1515,603013,亚普股份,4
1516,603015,弘讯科技,4
1517,603016,新宏泰,4
1518,603017,中衡设计,4
1519,603018,中设集团,4
1520,603019,中科曙光,4
1521,603020,爱普股份,4
1522,603021,山东华鹏,4
1523,603022,新通联,4
1524,603023,威帝股份,4
1525,603025,大豪科技,4
1526,603026,石大胜华,4
1527,603027,千禾味业,4
1528,603028,赛福天,4
1529,603029,天鹅股份,4
1530,603030,全筑股份,4
1531,603031,安德利,4
1532,603032,德新交运,4
1533,603033,三维股份,4
1534,603035,常熟汽饰,4
1535,603036,如通股份,4
1536,603037,凯众股份,4
1537,603038,华立股份,4
1538,603039,泛微网络,4
1539,603040,新坐标,4
1540,603041,美思德,4
1541,603042,华脉科技,4
1542,603043,广州酒家,4
1543,603045,福达合金,4
1544,603050,科林电气,4
1545,603055,台华新材,4
1546,603056,德邦股份,4
1547,603058,永吉股份,4
1548,603059,倍加洁,4
1549,603060,国检集团,4
1550,603063,禾望电气,4
1551,603066,音飞储存,4
1552,603067,振华股份,4
1553,603069,海汽集团,4
1554,603076,乐惠国际,4
1555,603077,和邦生物,4
1556,603078,江化微,4
1557,603079,圣达生物,4
1558,603080,新疆火炬,4
1559,603081,大丰实业,4
1560,603083,剑桥科技,4
1561,603085,天成自控,4
1562,603086,先达股份,4
1563,603088,宁波精达,4
1564,603089,正裕工业,4
1565,603090,宏盛股份,4
1566,603096,新经典,4
1567,603098,森特股份,4
1568,603099,长白山,4
1569,603100,川仪股份,4
1570,603101,汇嘉时代,4
1571,603103,横店影视,4
1572,603106,恒银金融,4
1573,603108,润达医疗,4
1574,603110,东方材料,4
1575,603111,康尼机电,4
1576,603113,金能科技,4
1577,603116,红蜻蜓,4
1578,603117,万林股份,4
1579,603118,共进股份,4
1580,603123,翠微股份,4
1581,603126,中材节能,4
1582,603127,昭衍新药,4
1583,603128,华贸物流,4
1584,603129,春风动力,4
1585,603131,上海沪工,4
1586,603133,碳元科技,4
1587,603136,天目湖,4
1588,603138,海量数据,4
1589,603139,康惠制药,4
1590,603156,养元饮品,4
1591,603157,拉夏贝尔,4
1592,603158,腾龙股份,4
1593,603159,上海亚虹,4
1594,603160,汇顶科技,4
1595,603161,科华控股,4
1596,603165,荣晟环保,4
1597,603166,福达股份,4
1598,603167,渤海轮渡,4
1599,603168,莎普爱思,4
1600,603169,兰石重装,4
1601,603177,德创环保,4
1602,603178,圣龙股份,4
1603,603179,新泉股份,4
1604,603180,金牌厨柜,4
1605,603181,皇马科技,4
1606,603183,建研院,4
1607,603186,华正新材,4
1608,603188,亚邦股份,4
1609,603189,网达软件,4
1610,603196,日播时尚,4
1611,603197,保隆科技,4
1612,603198,迎驾贡酒,4
1613,603199,九华旅游,4
1614,603200,上海洗霸,4
1615,603203,快克股份,4
1616,603208,江山欧派,4
1617,603214,爱婴室,4
1618,603218,日月股份,4
1619,603222,济民制药,4
1620,603223,恒通股份,4
1621,603225,新凤鸣,4
1622,603226,菲林格尔,4
1623,603227,雪峰科技,4
1624,603228,景旺电子,4
1625,603229,奥翔药业,4
1626,603232,格尔软件,4
1627,603233,大参林,4
1628,603238,诺邦股份,4
1629,603239,浙江仙通,4
1630,603258,电魂网络,4
1631,603259,药明康德,4
1632,603260,合盛硅业,4
1633,603266,天龙股份,4
1634,603268,松发股份,4
1635,603269,海鸥股份,4
1636,603277,银都股份,4
1637,603278,大业股份,4
1638,603283,赛腾股份,4
1639,603286,日盈电子,4
1640,603288,海天味业,4
1641,603289,泰瑞机器,4
1642,603298,杭叉集团,4
1643,603299,井神股份,4
1644,603300,华铁科技,4
1645,603301,振德医疗,4
1646,603302,鑫广绿环,4
1647,603303,得邦照明,4
1648,603305,旭升股份,4
1649,603306,华懋科技,4
1650,603308,应流股份,4
1651,603309,维力医疗,4
1652,603311,金海环境,4
1653,603313,梦百合,4
1654,603315,福鞍股份,4
1655,603316,诚邦股份,4
1656,603318,派思股份,4
1657,603319,湘油泵,4
1658,603320,迪贝电气,4
1659,603321,梅轮电梯,4
1660,603322,超讯通信,4
1661,603323,吴江银行,4
1662,603326,我乐家居,4
1663,603328,依顿电子,4
1664,603329,上海雅仕,4
1665,603330,上海天洋,4
1666,603331,百达精工,4
1667,603333,明星电缆,4
1668,603335,迪生力,4
1669,603336,宏辉果蔬,4
1670,603337,杰克股份,4
1671,603338,浙江鼎力,4
1672,603339,四方冷链,4
1673,603345,安井食品,4
1674,603348,文灿股份,4
1675,603355,莱克电气,4
1676,603356,华菱精工,4
1677,603357,设计总院,4
1678,603358,华达科技,4
1679,603359,东珠景观,4
1680,603360,百傲化学,4
1681,603363,傲农生物,4
1682,603365,水星家纺,4
1683,603366,日出东方,4
1684,603367,辰欣药业,4
1685,603368,柳药股份,4
1686,603369,今世缘,4
1687,603377,东方时尚,4
1688,603378,亚士创能,4
1689,603380,易德龙,4
1690,603383,顶点软件,4
1691,603385,惠达卫浴,4
1692,603386,广东骏亚,4
1693,603387,基蛋生物,4
1694,603388,元成股份,4
1695,603389,亚振家居,4
1696,603393,新天然气,4
1697,603396,金辰股份,4
1698,603398,邦宝益智,4
1699,603399,吉翔股份,4
1700,603416,信捷电气,4
1701,603421,鼎信通讯,4
1702,603429,集友股份,4
1703,603444,吉比特,4
1704,603456,九洲药业,4
1705,603458,勘设股份,4
1706,603466,风语筑,4
1707,603477,振静股份,4
1708,603486,科沃斯,4
1709,603488,展鹏科技,4
1710,603496,恒为科技,4
1711,603499,翔港科技,4
1712,603500,祥和实业,4
1713,603501,韦尔股份,4
1714,603505,金石资源,4
1715,603506,南都物业,4
1716,603507,振江股份,4
1717,603508,思维列控,4
1718,603515,欧普照明,4
1719,603516,淳中科技,4
1720,603517,绝味食品,4
1721,603518,维格娜丝,4
1722,603519,立霸股份,4
1723,603520,司太立,4
1724,603527,众源新材,4
1725,603528,多伦科技,4
1726,603533,掌阅科技,4
1727,603535,嘉诚国际,4
1728,603536,惠发股份,4
1729,603538,美诺华,4
1730,603555,贵人鸟,4
1731,603556,海兴电力,4
1732,603557,起步股份,4
1733,603558,健盛集团,4
1734,603559,中通国脉,4
1735,603566,普莱柯,4
1736,603567,珍宝岛,4
1737,603568,伟明环保,4
1738,603569,长久物流,4
1739,603577,汇金通,4
1740,603578,三星新材,4
1741,603579,荣泰健康,4
1742,603580,艾艾精工,4
1743,603585,苏利股份,4
1744,603586,金麒麟,4
1745,603587,地素时尚,4
1746,603588,高能环境,4
1747,603589,口子窖,4
1748,603595,东尼电子,4
1749,603596,伯特利,4
1750,603598,引力传媒,4
1751,603599,广信股份,4
1752,603600,永艺股份,4
1753,603601,再升科技,4
1754,603602,纵横通信,4
1755,603603,博天环境,4
1756,603605,珀莱雅,4
1757,603606,东方电缆,4
1758,603607,京华激光,4
1759,603608,天创时尚,4
1760,603609,禾丰牧业,4
1761,603611,诺力股份,4
1762,603612,索通发展,4
1763,603615,茶花股份,4
1764,603616,韩建河山,4
1765,603617,君禾股份,4
1766,603618,杭电股份,4
1767,603619,中曼石油,4
1768,603626,科森科技,4
1769,603628,清源股份,4
1770,603630,拉芳家化,4
1771,603633,徕木股份,4
1772,603636,南威软件,4
1773,603637,镇海股份,4
1774,603638,艾迪精密,4
1775,603639,海利尔,4
1776,603648,畅联股份,4
1777,603650,彤程新材,4
1778,603655,朗博科技,4
1779,603656,泰禾光电,4
1780,603658,安图生物,4
1781,603659,璞泰来,4
1782,603660,苏州科达,4
1783,603661,恒林股份,4
1784,603663,三祥新材,4
1785,603665,康隆达,4
1786,603666,亿嘉和,4
1787,603667,五洲新春,4
1788,603668,天马科技,4
1789,603669,灵康药业,4
1790,603676,卫信康,4
1791,603677,奇精机械,4
1792,603678,火炬电子,4
1793,603679,华体科技,4
1794,603680,今创集团,4
1795,603683,晶华新材,4
1796,603685,晨丰科技,4
1797,603686,龙马环卫,4
1798,603688,石英股份,4
1799,603689,皖天然气,4
1800,603690,至纯科技,4
1801,603693,江苏新能,4
1802,603696,安记食品,4
1803,603698,航天工程,4
1804,603699,纽威股份,4
1805,603701,德宏股份,4
1806,603703,盛洋科技,4
1807,603707,健友股份,4
1808,603708,家家悦,4
1809,603709,中源家居,4
1810,603711,香飘飘,4
1811,603712,七一二,4
1812,603716,塞力斯,4
1813,603717,天域生态,4
1814,603718,海利生物,4
1815,603721,中广天择,4
1816,603722,阿科力,4
1817,603725,天安新材,4
1818,603726,朗迪集团,4
1819,603727,博迈科,4
1820,603728,鸣志电器,4
1821,603729,龙韵股份,4
1822,603730,岱美股份,4
1823,603733,仙鹤股份,4
1824,603737,三棵树,4
1825,603738,泰晶科技,4
1826,603757,大元泵业,4
1827,603758,秦安股份,4
1828,603766,隆鑫通用,4
1829,603767,中马传动,4
1830,603768,常青股份,4
1831,603773,沃格光电,4
1832,603776,永安行,4
1833,603777,来伊份,4
1834,603778,乾景园林,4
1835,603779,威龙股份,4
1836,603787,新日股份,4
1837,603788,宁波高发,4
1838,603789,星光农机,4
1839,603797,联泰环保,4
1840,603798,康普顿,4
1841,603799,华友钴业,4
1842,603800,道森股份,4
1843,603801,志邦股份,4
1844,603803,瑞斯康达,4
1845,603806,福斯特,4
1846,603808,歌力思,4
1847,603809,豪能股份,4
1848,603811,诚意药业,4
1849,603813,原尚股份,4
1850,603816,顾家家居,4
1851,603817,海峡环保,4
1852,603818,曲美家居,4
1853,603819,神力股份,4
1854,603822,嘉澳环保,4
1855,603823,百合花,4
1856,603825,华扬联众,4
1857,603826,坤彩科技,4
1858,603828,柯利达,4
1859,603829,洛凯股份,4
1860,603833,欧派家居,4
1861,603838,四通股份,4
1862,603839,安正时尚,4
1863,603843,正平股份,4
1864,603848,好太太,4
1865,603855,华荣股份,4
1866,603856,东宏股份,4
1867,603858,步长制药,4
1868,603859,能科股份,4
1869,603860,中公高科,4
1870,603861,白云电器,4
1871,603866,桃李面包,4
1872,603868,飞科电器,4
1873,603869,北部湾旅,4
1874,603871,嘉友国际,4
1875,603876,鼎胜新材,4
1876,603877,太平鸟,4
1877,603878,武进不锈,4
1878,603879,永悦科技,4
1879,603880,南卫股份,4
1880,603881,数据港,4
1881,603882,金域医学,4
1882,603883,老百姓,4
1883,603885,吉祥航空,4
1884,603886,元祖股份,4
1885,603887,城地股份,4
1886,603888,新华网,4
1887,603889,新澳股份,4
1888,603890,春秋电子,4
1889,603895,天永智能,4
1890,603896,寿仙谷,4
1891,603897,长城科技,4
1892,603898,好莱客,4
1893,603899,晨光文具,4
1894,603900,莱绅通灵,4
1895,603901,永创智能,4
1896,603903,中持股份,4
1897,603906,龙蟠科技,4
1898,603908,牧高笛,4
1899,603909,合诚股份,4
1900,603912,佳力图,4
1901,603916,苏博特,4
1902,603917,合力科技,4
1903,603918,金桥信息,4
1904,603919,金徽酒,4
1905,603920,世运电路,4
1906,603922,金鸿顺,4
1907,603926,铁流股份,4
1908,603928,兴业股份,4
1909,603929,亚翔集成,4
1910,603933,睿能科技,4
1911,603936,博敏电子,4
1912,603937,丽岛新材,4
1913,603938,三孚股份,4
1914,603939,益丰药房,4
1915,603955,大千生态,4
1916,603958,哈森股份,4
1917,603959,百利科技,4
1918,603960,克来机电,4
1919,603963,大理药业,4
1920,603966,法兰泰克,4
1921,603968,醋化股份,4
1922,603969,银龙股份,4
1923,603970,中农立华,4
1924,603976,正川股份,4
1925,603977,国泰集团,4
1926,603978,深圳新星,4
1927,603979,金诚信,4
1928,603980,吉华集团,4
1929,603985,恒润股份,4
1930,603986,兆易创新,4
1931,603987,康德莱,4
1932,603988,中电电机,4
1933,603989,艾华集团,4
1934,603990,麦迪科技,4
1935,603991,至正股份,4
1936,603993,洛阳钼业,4
1937,603996,中新科技,4
1938,603997,继峰股份,4
1939,603998,方盛制药,4
1940,603999,读者传媒,4
1941,900901,云赛Ｂ股,4
1942,900902,市北B股,4
1943,900903,大众Ｂ股,4
1944,900904,神奇B股,4
1945,900905,老凤祥Ｂ,4
1946,900906,中毅达B,4
1947,900907,鹏起Ｂ股,4
1948,900908,氯碱Ｂ股,4
1949,900909,华谊B股,4
1950,900910,海立Ｂ股,4
1951,900911,金桥Ｂ股,4
1952,900912,外高Ｂ股,4
1953,900913,国新B股,4
1954,900914,锦投Ｂ股,4
1955,900915,中路Ｂ股,4
1956,900916,凤凰B股,4
1957,900917,海欣Ｂ股,4
1958,900918,耀皮Ｂ股,4
1959,900919,绿庭B股,4
1960,900920,上柴Ｂ股,4
1961,900921,丹科B股,4
1962,900922,三毛B股,4
1963,900923,百联Ｂ股,4
1964,900924,上工Ｂ股,4
1965,900925,机电Ｂ股,4
1966,900926,宝信Ｂ,4
1967,900927,物贸Ｂ股,4
1968,900928,临港B股,4
1969,900929,锦旅Ｂ股,4
1970,900930,*ST沪普B,4
1971,900932,陆家Ｂ股,4
1972,900933,华新Ｂ股,4
1973,900934,锦江Ｂ股,4
1974,900936,鄂资Ｂ股,4
1975,900937,华电Ｂ股,4
1976,900938,海科B,4
1977,900939,汇丽B,4
1978,900940,大名城B,4
1979,900941,东信Ｂ股,4
1980,900942,黄山Ｂ股,4
1981,900943,开开Ｂ股,4
1982,900945,海控Ｂ股,4
1983,900946,天雁B股,4
1984,900947,振华Ｂ股,4
1985,900948,伊泰Ｂ股,4
1986,900951,大化B股,4
1987,900952,锦港Ｂ股,4
1988,900953,凯马Ｂ,4
1989,900955,海创B股,4
1990,900956,东贝Ｂ股,4
1991,900957,凌云Ｂ股,4
